metric,2025,2026 Jan-Jul,relative_change_2026_vs_2025
active_pr_authors_nonbot,369.4166666666667,786.7142857142857,1.12961232316071
active_snapshot_reviewers,54.25,58.0,0.06912442396313367
inline_comments_snapshot_collaborator,1949.25,2003.4285714285713,0.02779457300426902
issues_opened_all,578.1666666666666,609.8571428571429,0.05481200840093914
new_pr_authors_nonbot,166.0,403.57142857142856,1.431153184165232
prs_merged_all,720.0833333333334,974.4285714285714,0.3532163936052375
prs_opened_all,1068.5833333333333,2102.5714285714284,0.9676251378661112
prs_opened_nonbot,1066.3333333333333,2092.0,0.9618630822131917
submitted_reviews_snapshot_collaborator,2316.6666666666665,2727.285714285714,0.17724563206577604
